Date,Division,Region,Revenue,COGS,Gross Profit,Operating Expenses,Operating Income,Interest Expense,Pre-Tax Income,Income Tax,Net Income,Assets
1/1/24,Cloud Services,APAC,525907541,322477943,203429598,97757296,105672302,10507286,95165016,20925763,74239253,788420867
1/1/24,Cloud Services,EMEA,494469427,300312935,194156492,100034400,94122092,8894433,85227659,19576035,65651624,962452808
1/1/24,Cloud Services,LATAM,560921194,333660916,227260278,133342216,93918062,7576428,86341634,21139021,65202613,855458283
1/1/24,Cloud Services,North America,519868566,335346788,184521778,112561797,71959981,10080603,61879378,15109422,46769956,570125764
1/1/24,Hardware Solutions,APAC,431003286,256081916,174921370,81196330,93725040,5339170,88385870,21295596,67090274,609850591
1/1/24,Hardware Solutions,EMEA,423468790,256178667,167290123,101614494,65675629,7358118,58317511,13005248,45312263,411888471
1/1/24,Hardware Solutions,LATAM,477508498,305018302,172490196,97581385,74908811,5302608,69606203,14981687,54624516,459392180
1/1/24,Hardware Solutions,North America,509678490,283256815,226421675,88287155,138134520,7244350,130890170,30925350,99964820,1405505369
1/1/24,Professional Services,APAC,481463292,269196049,212267243,108214141,104053102,8513587,95539515,23767985,71771530,876330381
1/1/24,Professional Services,EMEA,521702401,328130888,193571513,93978316,99593197,10351011,89242186,20136897,69105289,895604545
1/1/24,Professional Services,LATAM,481370809,288553895,192816914,96405113,96411801,6824715,89587086,19738304,69848782,568569085
1/1/24,Professional Services,North America,481221024,302764010,178457014,94448277,84008737,9016528,74992209,16238884,58753325,868961677
1/1/24,Software Licensing,APAC,563168512,347616803,215551709,109205972,106345737,8334193,98011544,21990784,76020760,1051367111
1/1/24,Software Licensing,EMEA,490634521,285974403,204660118,113660365,90999753,6878357,84121396,19397779,64723617,614227125
1/1/24,Software Licensing,LATAM,530697389,331811883,198885506,99608950,99276556,8637128,90639428,21184068,69455360,643851187
1/1/24,Software Licensing,North America,490633865,284234539,206399326,92849765,113549561,8670424,104879137,23892748,80986389,751553690
2/1/24,Cloud Services,APAC,463679036,261653694,202025342,74972172,127053170,6010708,121042462,26561802,94480660,957089086
2/1/24,Cloud Services,EMEA,512569893,287913943,224655950,108882044,115773906,6597999,109175907,24908655,84267252,983398831
2/1/24,Cloud Services,LATAM,443507851,277702912,165804939,108208470,57596469,5471147,52125322,11099559,41025763,452103908
2/1/24,Cloud Services,North America,459486755,268841795,190644960,110574206,80070754,6224309,73846445,18372466,55473979,556958749
2/1/24,Hardware Solutions,APAC,475931735,279575189,196356546,83216146,113140400,6746716,106393684,22498737,83894947,1030229949
2/1/24,Hardware Solutions,EMEA,488332250,316763530,171568720,88472231,83096489,5319945,77776544,16854547,60921997,547079533
2/1/24,Hardware Solutions,LATAM,574091127,337028356,237062771,128822965,108239806,10787851,97451955,23335463,74116492,744870745
2/1/24,Hardware Solutions,North America,475974452,265824007,210150445,78615504,131534941,8502545,123032396,26658865,96373531,1017704487
2/1/24,Professional Services,APAC,453960256,281738731,172221525,108673208,63548317,5530388,58017929,13615984,44401945,496857765
2/1/24,Professional Services,EMEA,504436903,318897950,185538953,102575281,82963672,8472760,74490912,16384169,58106743,784441031
2/1/24,Professional Services,LATAM,515027920,287455045,227572875,117869146,109703729,10042844,99660885,23746307,75914578,713597033
2/1/24,Professional Services,North America,478224691,266503286,211721405,101387113,110334292,6620191,103714101,23567525,80146576,929700282
2/1/24,Software Licensing,APAC,502701128,280713679,221987449,82406392,139581057,9992302,129588755,28960511,100628244,1222633165
2/1/24,Software Licensing,EMEA,490968947,274997730,215971217,90088167,125883050,4997444,120885606,27899304,92986302,774575896
2/1/24,Software Licensing,LATAM,443010072,274709178,168300894,101627626,66673268,6325178,60348090,14673960,45674130,559508093
2/1/24,Software Licensing,North America,558625950,341779537,216846413,118859293,97987120,5821402,92165718,19980635,72185083,663380913
3/1/24,Cloud Services,APAC,532901796,345640161,187261635,120566829,66694806,8597898,58096908,14162098,43934810,371688493
3/1/24,Cloud Services,EMEA,457691562,295085127,162606435,94737104,67869331,6716172,61153159,14003170,47149989,690275839
3/1/24,Cloud Services,LATAM,451166254,282131321,169034933,107231644,61803289,5265263,56538026,13695025,42843001,632362695
3/1/24,Cloud Services,North America,499460111,315299157,184160954,76593828,107567126,9713160,97853966,23147569,74706397,1020489383
3/1/24,Hardware Solutions,APAC,481574449,267577368,213997081,106911287,107085794,8570024,98515770,22470261,76045509,770341006
3/1/24,Hardware Solutions,EMEA,471206231,281247008,189959223,104713925,85245298,5590571,79654727,17116557,62538170,542831316
3/1/24,Hardware Solutions,LATAM,542284889,304700005,237584884,116111200,121473684,7321525,114152159,28236107,85916052,1098866305
3/1/24,Hardware Solutions,North America,440859120,242973051,197886069,76235624,121650445,5380624,116269821,24599641,91670180,1015705594
3/1/24,Professional Services,APAC,495374068,277964172,217409896,113802055,103607841,6096419,97511422,22549202,74962220,663415647
3/1/24,Professional Services,EMEA,506854731,324709102,182145629,96164903,85980726,7667133,78313593,16624681,61688912,707571821
3/1/24,Professional Services,LATAM,487955852,292413648,195542204,80508686,115033518,5740937,109292581,27046004,82246577,677711794
3/1/24,Professional Services,North America,529538663,313710460,215828203,86181817,129646386,8513587,121132799,26744908,94387891,1356353994
3/1/24,Software Licensing,APAC,446872558,280508469,166364089,71974712,94389377,8681535,85707842,18704335,67003507,657304404
3/1/24,Software Licensing,EMEA,421613195,235407757,186205438,97867270,88338168,5192890,83145278,20348214,62797064,793754889
3/1/24,Software Licensing,LATAM,507874449,307690872,200183577,119170316,81013261,8378133,72635128,15578548,57056580,580835984
3/1/24,Software Licensing,North America,508354543,298722325,209632218,93643062,115989156,10122196,105866960,24710849,81156111,944657132
4/1/24,Cloud Services,APAC,512963358,320399215,192564143,89860872,102703271,9663131,93040140,19693147,73346993,867694927
4/1/24,Cloud Services,EMEA,429478393,264095295,165383098,87730601,77652497,8456870,69195627,15935018,53260609,494791058
4/1/24,Cloud Services,LATAM,484596708,294798047,189798661,89441820,100356841,9341824,91015017,19653211,71361806,1055441111
4/1/24,Cloud Services,North America,513744731,288597451,225147280,112712945,112434335,5434611,106999724,23823086,83176638,1117062248
4/1/24,Hardware Solutions,APAC,455746601,274710429,181036172,69187355,111848817,7259769,104589048,22547939,82041109,1196159369
4/1/24,Hardware Solutions,EMEA,492573640,314810862,177762778,104004669,73758109,7570730,66187379,15664869,50522510,720450993
4/1/24,Hardware Solutions,LATAM,452151735,293580529,158571206,107255994,51315212,7144387,44170825,9328831,34841994,424723907
4/1/24,Hardware Solutions,North America,480833030,266533437,214299593,96449753,117849840,5884519,111965321,25702071,86263250,1246503963
4/1/24,Professional Services,APAC,513250537,282911624,230338913,84858349,145480564,9319773,136160791,31070475,105090316,905878524
4/1/24,Professional Services,EMEA,487631504,315167092,172464412,119337245,53127167,5626759,47500408,11624144,35876264,336160594
4/1/24,Professional Services,LATAM,539021805,348740576,190281229,112452336,77828893,6600001,71228892,16427080,54801812,455951076
4/1/24,Professional Services,North America,466431299,266966424,199464875,91514091,107950784,7910771,100040013,23565905,76474108,786153830
4/1/24,Software Licensing,APAC,541239980,313145869,228094111,112761493,115332618,7557020,107775598,22654171,85121427,912501697
4/1/24,Software Licensing,EMEA,524467051,308117604,216349447,126315296,90034151,6156693,83877458,20852334,63025124,623948728
4/1/24,Software Licensing,LATAM,537251204,342153754,195097450,102123471,92973979,9446157,83527822,20720953,62806869,866734792
4/1/24,Software Licensing,North America,472923119,305611079,167312040,79526643,87785397,9434380,78351017,19545852,58805165,617454233
5/1/24,Cloud Services,APAC,497119595,321601705,175517890,109199816,66318074,6291545,60026529,13090233,46936296,467954871
5/1/24,Cloud Services,EMEA,554249601,335534632,218714969,114459924,104255045,10405819,93849226,22353687,71495539,843647360
5/1/24,Cloud Services,LATAM,540141315,325332398,214808917,130849200,83959717,6100976,77858741,18447639,59411102,534105807
5/1/24,Cloud Services,North America,532501032,296805242,235695790,129510549,106185241,5812178,100373063,22314658,78058405,1063155476
5/1/24,Hardware Solutions,APAC,503670431,299968820,203701611,125154103,78547508,8680357,69867151,16061549,53805602,458423729
5/1/24,Hardware Solutions,EMEA,488039705,311870245,176169460,78732421,97437039,6148098,91288941,21665597,69623344,1038084059
5/1/24,Hardware Solutions,LATAM,420497243,257349888,163147355,98350019,64797336,6290116,58507220,13732457,44774763,600429572
5/1/24,Hardware Solutions,North America,503481882,324766531,178715351,98221227,80494124,6911237,73582887,18232703,55350184,519738228
5/1/24,Professional Services,APAC,395210195,219161694,176048501,96208666,79839835,4295882,75543953,17957178,57586775,462997671
5/1/24,Professional Services,EMEA,562585746,360120025,202465721,125819164,76646557,8724902,67921655,14744839,53176816,729054147
5/1/24,Professional Services,LATAM,532876100,308053711,224822389,129252748,95569641,7505310,88064331,21445832,66618499,862709562
5/1/24,Professional Services,North America,498566958,303343807,195223151,95930797,99292354,8252489,91039865,22279793,68760072,900756943
5/1/24,Software Licensing,APAC,514455824,306334833,208120991,106815863,101305128,9579823,91725305,21730099,69995206,937935760
5/1/24,Software Licensing,EMEA,474195209,293799434,180395775,78362609,102033166,9273605,92759561,19827915,72931646,621377624
5/1/24,Software Licensing,LATAM,561521462,344075537,217445925,118296571,99149354,10160821,88988533,20267139,68721394,722261851
5/1/24,Software Licensing,North America,514465441,315336377,199129064,113554799,85574265,9716956,75857309,18873031,56984278,502031489
6/1/24,Cloud Services,APAC,559115761,333439777,225675984,132504640,93171344,9411365,83759979,17691404,66068575,927602793
6/1/24,Cloud Services,EMEA,514284502,292531255,221753247,124500146,97253101,6275213,90977888,21181871,69796017,862678770
6/1/24,Cloud Services,LATAM,479269191,280533138,198736053,96756688,101979365,5157563,96821802,23938023,72883779,752160599
6/1/24,Cloud Services,North America,491213124,283792545,207420579,79805563,127615016,5310240,122304776,29934852,92369924,779602159
6/1/24,Hardware Solutions,APAC,484315673,310491251,173824422,89421430,84402992,8705215,75697777,18855329,56842448,578656121
6/1/24,Hardware Solutions,EMEA,486893514,275709146,211184368,117821200,93363168,9146927,84216241,17847820,66368421,682267368
6/1/24,Hardware Solutions,LATAM,441459402,279114351,162345051,81535485,80809566,7321391,73488175,16628633,56859542,745428596
6/1/24,Hardware Solutions,North America,471917876,291868519,180049357,96148340,83901017,5979332,77921685,19478593,58443092,728200926
6/1/24,Professional Services,APAC,503883101,292732279,211150822,92386924,118763898,8455239,110308659,23635143,86673516,1231630662
6/1/24,Professional Services,EMEA,520530697,314197344,206333353,78320715,128012638,7015760,120996878,28561230,92435648,1045447179
6/1/24,Professional Services,LATAM,538745799,340153054,198592745,102263040,96329705,8435315,87894390,20770658,67123732,593373791
6/1/24,Professional Services,North America,478809591,296773927,182035664,110262831,71772833,8736747,63036086,14230684,48805402,633982172
6/1/24,Software Licensing,APAC,536616084,347426438,189189646,83431010,105758636,7945065,97813571,21384688,76428883,1018797010
6/1/24,Software Licensing,EMEA,479929718,267692061,212237657,91138783,121098874,7175652,113923222,27006700,86916522,1036914107
6/1/24,Software Licensing,LATAM,513150044,332839932,180310112,94173154,86136958,8171441,77965517,18427572,59537945,797808463
6/1/24,Software Licensing,North America,467660255,284508416,183151839,97800640,85351199,8657358,76693841,18221004,58472837,670098712
7/1/24,Cloud Services,APAC,500204538,305795802,194408736,86265515,108143221,8545309,99597912,23174506,76423406,891096914
7/1/24,Cloud Services,EMEA,510442210,317787002,192655208,99649444,93005764,9531457,83474307,20141967,63332340,696022417
7/1/24,Cloud Services,LATAM,490616514,290358776,200257738,95789906,104467832,9012690,95455142,22865130,72590012,593786298
7/1/24,Cloud Services,North America,511844811,330129661,181715150,114525340,67189810,9472106,57717704,14131033,43586671,381819238
7/1/24,Hardware Solutions,APAC,423249151,273838577,149410574,71022729,78387845,5650879,72736966,16858942,55878024,459317357
7/1/24,Hardware Solutions,EMEA,497022163,292293309,204728854,107532602,97196252,5610733,91585519,19673335,71912184,895306691
7/1/24,Hardware Solutions,LATAM,498939444,316433328,182506116,122792505,59713611,8699050,51014561,10724808,40289753,410955481
7/1/24,Hardware Solutions,North America,510302015,310984718,199317297,77213515,122103782,9317179,112786603,27374816,85411787,987360258
7/1/24,Professional Services,APAC,575447436,373308641,202138795,119726923,82411872,10771475,71640397,17330710,54309687,779344008
7/1/24,Professional Services,EMEA,516162034,325726804,190435230,96129702,94305528,9708340,84597188,20344896,64252292,626459847
7/1/24,Professional Services,LATAM,506983112,286466593,220516519,108102198,112414321,5218109,107196212,24378919,82817293,900223975
7/1/24,Professional Services,North America,493548571,290032009,203516562,119184374,84332188,5718278,78613910,19049238,59564672,791614491
7/1/24,Software Licensing,APAC,486291419,269659225,216632194,97178909,119453285,7871168,111582117,24891886,86690231,832226218
7/1/24,Software Licensing,EMEA,483174187,307591774,175582413,80998691,94583722,8118006,86465716,19555571,66910145,571412638
7/1/24,Software Licensing,LATAM,467908909,258583634,209325275,89788231,119537044,8201117,111335927,26353629,84982298,852372449
7/1/24,Software Licensing,North America,443385170,285217641,158167529,72753166,85414363,7526336,77888027,19093519,58794508,536793858
8/1/24,Cloud Services,APAC,492305561,291189853,201115708,78047645,123068063,9019698,114048365,25757470,88290895,1281100886
8/1/24,Cloud Services,EMEA,598529684,357244003,241285681,114595937,126689744,10881072,115808672,26017398,89791274,1226548803
8/1/24,Cloud Services,LATAM,512061893,295634175,216427718,127855415,88572303,7719167,80853136,19228386,61624750,765995643
8/1/24,Cloud Services,North America,502409208,318443470,183965738,82830333,101135405,5831764,95303641,21251133,74052508,1044140363
8/1/24,Hardware Solutions,APAC,460378546,273950285,186428261,95060855,91367406,8107394,83260012,18749441,64510571,879279083
8/1/24,Hardware Solutions,EMEA,587618225,337724649,249893576,115882247,134011329,6504819,127506510,29140307,98366203,915789350
8/1/24,Hardware Solutions,LATAM,477348090,268706849,208641241,74738802,133902439,7357206,126545233,30944529,95600704,1362310032
8/1/24,Hardware Solutions,North America,523474283,332387711,191086572,80434423,110652149,9317032,101335117,23791419,77543698,913464762
8/1/24,Professional Services,APAC,556111772,348625770,207486002,94824822,112661180,9086898,103574282,24250669,79323613,1082767317
8/1/24,Professional Services,EMEA,463624501,280744650,182879851,111179672,71700179,5840758,65859421,14023304,51836117,739701390
8/1/24,Professional Services,LATAM,443925957,286099879,157826078,75054016,82772062,6836394,75935668,17976137,57959531,592926002
8/1/24,Professional Services,North America,531641277,345388030,186253247,90905639,95347608,8675394,86672214,18989083,67683131,593581059
8/1/24,Software Licensing,APAC,545712912,344503159,201209753,85517386,115692367,8823778,106868589,23457843,83410746,800743162
8/1/24,Software Licensing,EMEA,453252878,288482873,164770005,94973928,69796077,5833537,63962540,14580116,49382424,542712840
8/1/24,Software Licensing,LATAM,530077321,344535293,185542028,119265301,66276727,10501818,55774909,12545454,43229455,593540417
8/1/24,Software Licensing,North America,498611529,277047288,221564241,99831751,121732490,5017955,116714535,26324067,90390468,1268178266
9/1/24,Cloud Services,APAC,437973462,250899352,187074110,88662921,98411189,7150450,91260739,19258359,72002380,579619159
9/1/24,Cloud Services,EMEA,479860973,293011490,186849483,93730708,93118775,6439120,86679655,19864140,66815515,773723664
9/1/24,Cloud Services,LATAM,502742518,310277634,192464884,97570395,94894489,9713126,85181363,19050804,66130559,722145704
9/1/24,Cloud Services,North America,503986054,325275170,178710884,114683418,64027466,9893205,54134261,12492199,41642062,397681692
9/1/24,Hardware Solutions,APAC,435700670,277831224,157869446,66461185,91408261,4556305,86851956,18919058,67932898,600526818
9/1/24,Hardware Solutions,EMEA,552285710,334736943,217548767,105416660,112132107,8952084,103180023,21743054,81436969,843686999
9/1/24,Hardware Solutions,LATAM,507385354,299534074,207851280,84030757,123820523,9495903,114324620,24042755,90281865,1318115229
9/1/24,Hardware Solutions,North America,509098397,308101607,200996790,109150673,91846117,6851869,84994248,21097352,63896896,655582153
9/1/24,Professional Services,APAC,532540688,320598201,211942487,99761343,112181144,5684076,106497068,25827608,80669460,938185820
9/1/24,Professional Services,EMEA,487117539,305535629,181581910,119154574,62427336,8320805,54106531,13017778,41088753,530866689
9/1/24,Professional Services,LATAM,450765427,286334380,164431047,79819047,84612000,7131877,77480123,18496436,58983687,622277898
9/1/24,Professional Services,North America,468669868,282153681,186516187,110689775,75826412,6097224,69729188,16338678,53390510,790179548
9/1/24,Software Licensing,APAC,463223030,260032915,203190115,76674540,126515575,7818675,118696900,27680935,91015965,1341575324
9/1/24,Software Licensing,EMEA,518943697,304005661,214938036,106883736,108054300,10053125,98001175,22143650,75857525,740369444
9/1/24,Software Licensing,LATAM,561997376,346840794,215156582,94523919,120632663,6001216,114631447,26519309,88112138,1011527344
9/1/24,Software Licensing,North America,457507851,279909170,177598681,86961402,90637279,5044068,85593211,19276260,66316951,670464375
10/1/24,Cloud Services,APAC,450521971,281807676,168714295,68799029,99915266,7882565,92032701,20223200,71809501,717376915
10/1/24,Cloud Services,EMEA,531272914,293729248,237543666,114697781,122845885,10460114,112385771,27638046,84747725,700016209
10/1/24,Cloud Services,LATAM,447181735,273689064,173492671,77003449,96489222,5053539,91435683,22592054,68843629,844711328
10/1/24,Cloud Services,North America,510395311,287557495,222837816,113102183,109735633,10072595,99663038,23510409,76152629,877278286
10/1/24,Hardware Solutions,APAC,452347860,272041527,180306333,100523769,79782564,6451300,73331264,16312708,57018556,476675128
10/1/24,Hardware Solutions,EMEA,518953316,303497156,215456160,90462498,124993662,10364143,114629519,26544350,88085169,876447432
10/1/24,Hardware Solutions,LATAM,526262144,330684870,195577274,123971387,71605887,7638100,63967787,14994903,48972884,703250614
10/1/24,Hardware Solutions,North America,574630980,368002798,206628182,91908857,114719325,7318653,107400672,26003961,81396711,787920162
10/1/24,Professional Services,APAC,511722898,301519619,210203279,110160947,100042332,8613807,91428525,20241810,71186715,641392302
10/1/24,Professional Services,EMEA,509290147,310153507,199136640,85486625,113650015,9016510,104633505,23047733,81585772,932525374
10/1/24,Professional Services,LATAM,471425943,279907971,191517972,81942445,109575527,6816360,102759167,22842499,79916668,1190758353
10/1/24,Professional Services,North America,472799011,276615201,196183810,108739805,87444005,7038290,80405715,18447874,61957841,600371479
10/1/24,Software Licensing,APAC,510019714,287466056,222553658,77508233,145045425,5213031,139832394,31331532,108500862,1377960947
10/1/24,Software Licensing,EMEA,511879386,292434858,219444528,111174712,108269816,5244649,103025167,25486102,77539065,1033595736
10/1/24,Software Licensing,LATAM,513857928,283369249,230488679,82428391,148060288,6801476,141258812,30237413,111021399,1072466714
10/1/24,Software Licensing,North America,520877662,323156656,197721006,90167819,107553187,9158400,98394787,20900105,77494682,1015180334
11/1/24,Cloud Services,APAC,546343823,347603811,198740012,118451992,80288020,9253328,71034692,16092338,54942354,580740682
11/1/24,Cloud Services,EMEA,531483384,325378735,206104649,100832152,105272497,9539114,95733383,21147979,74585404,927096572
11/1/24,Cloud Services,LATAM,467172707,301304000,165868707,79652212,86216495,5703102,80513393,17300351,63213042,785738112
11/1/24,Cloud Services,North America,461012733,271838130,189174603,107426102,81748501,5364453,76384048,18228749,58155299,683324763
11/1/24,Hardware Solutions,APAC,511067631,284964326,226103305,118437039,107666266,7142652,100523614,24350810,76172804,657371299
11/1/24,Hardware Solutions,EMEA,513646078,294840328,218805750,122898644,95907106,8416224,87490882,20065318,67425564,933844061
11/1/24,Hardware Solutions,LATAM,533087329,300068445,233018884,98184949,134833935,6792679,128041256,29706731,98334525,1007928881
11/1/24,Hardware Solutions,North America,496915931,304778459,192137472,95478646,96658826,7054851,89603975,22268117,67335858,626896838
11/1/24,Professional Services,APAC,464419422,278308823,186110599,78089127,108021472,6652041,101369431,23587905,77781526,644808851
11/1/24,Professional Services,EMEA,469850553,304464688,165385865,71724200,93661665,5408251,88253414,18910507,69342907,841822891
11/1/24,Professional Services,LATAM,467367588,272416958,194950630,97354611,97596019,9083830,88512189,19495917,69016272,879267305
11/1/24,Professional Services,North America,490184475,292107583,198076892,83717932,114358960,9562830,104796130,24979399,79816731,648111856
11/1/24,Software Licensing,APAC,532882406,319309334,213573072,80625210,132947862,8816599,124131263,26968452,97162811,1125145351
11/1/24,Software Licensing,EMEA,516511237,331940472,184570765,123773437,60797328,8679967,52117361,12364568,39752793,381229285
11/1/24,Software Licensing,LATAM,575871719,331601009,244270710,91304952,152965758,7332341,145633417,33642271,111991146,1402129148
11/1/24,Software Licensing,North America,538535045,304114697,234420348,96567289,137853059,5829001,132024058,28681695,103342363,952816587
12/1/24,Cloud Services,APAC,489413726,275971941,213441785,102301903,111139882,9269981,101869901,25269453,76600448,983549752
12/1/24,Cloud Services,EMEA,558141363,315456067,242685296,104913408,137771888,7866076,129905812,30570222,99335590,1063884169
12/1/24,Cloud Services,LATAM,608806766,373860609,234946157,107640910,127305247,7488046,119817201,28044949,91772252,1336203989
12/1/24,Cloud Services,North America,500520075,281694992,218825083,88062674,130762409,9930206,120832203,25584587,95247616,853418639
12/1/24,Hardware Solutions,APAC,482139401,273711043,208428358,115450797,92977561,8538311,84439250,20368522,64070728,665694864
12/1/24,Hardware Solutions,EMEA,439406111,253914790,185491321,87328941,98162380,7806475,90355905,19830846,70525059,619915269
12/1/24,Hardware Solutions,LATAM,534255951,298579758,235676193,122871135,112805058,9855864,102949194,22750973,80198221,1160468258
12/1/24,Hardware Solutions,North America,466128251,264245078,201883173,110400983,91482190,8710180,82772010,18552258,64219752,908067293
12/1/24,Professional Services,APAC,518929504,295389671,223539833,117465183,106074650,10213536,95861114,23351235,72509879,711321913
12/1/24,Professional Services,EMEA,528560019,299816149,228743870,129415452,99328418,7786798,91541620,20728788,70812832,893657940
12/1/24,Professional Services,LATAM,497086843,275429288,221657555,81527868,140129687,5893091,134236596,33022326,101214270,1388659784
12/1/24,Professional Services,North America,491061488,302865008,188196480,88119302,100077178,9155145,90922033,21315692,69606341,827619394
12/1/24,Software Licensing,APAC,457164300,292438329,164725971,93812271,70913700,7550831,63362869,13884274,49478595,579394347
12/1/24,Software Licensing,EMEA,465713697,272240732,193472965,88923915,104549050,4802132,99746918,24474727,75272191,729387531
12/1/24,Software Licensing,LATAM,519298896,310227168,209071728,100542836,108528892,7106742,101422150,22158893,79263257,685627173
12/1/24,Software Licensing,North America,525026693,298313871,226712822,111523487,115189335,6369123,108820212,26418016,82402196,1176703359
1/1/25,Cloud Services,APAC,506927237,289269598,217657639,89659072,127998567,5734588,122263979,28940127,93323852,1334531084
1/1/25,Cloud Services,EMEA,450170448,268336644,181833804,68537069,113296735,7320763,105975972,24051197,81924775,1018324953
1/1/25,Cloud Services,LATAM,515412695,302251913,213160782,105228419,107932363,5321771,102610592,21940341,80670251,836550503
1/1/25,Cloud Services,North America,508563749,285845165,222718584,97909379,124809205,8955929,115853276,28141290,87711986,915713134
1/1/25,Hardware Solutions,APAC,520601410,328301727,192299683,84220349,108079334,5540286,102539048,24023233,78515815,1026986860
1/1/25,Hardware Solutions,EMEA,462486998,267173080,195313918,111658180,83655738,6898430,76757308,18090074,58667234,837768102
1/1/25,Hardware Solutions,LATAM,520551438,325254056,195297382,108093363,87204019,8234974,78969045,18310386,60658659,861959544
1/1/25,Hardware Solutions,North America,444893225,247408590,197484635,67552172,129932463,5341053,124591410,26282002,98309408,1323244632
1/1/25,Professional Services,APAC,543322049,346290579,197031470,90826021,106205449,9158047,97047402,21221315,75826087,947067827
1/1/25,Professional Services,EMEA,522431381,291608607,230822774,105828411,124994363,5878323,119116040,29125287,89990753,773020568
1/1/25,Professional Services,LATAM,542152082,348108934,194043148,96086010,97957138,7754433,90202705,19287916,70914789,647452024
1/1/25,Professional Services,North America,514311494,315164960,199146534,127775659,71370875,5746444,65624431,15715407,49909024,713199953
1/1/25,Software Licensing,APAC,502328348,278255351,224072997,82349502,141723495,9024516,132698979,30980479,101718500,1246051625
1/1/25,Software Licensing,EMEA,506149004,313326217,192822787,88975310,103847477,8182659,95664818,21818342,73846476,595202597
1/1/25,Software Licensing,LATAM,454281188,286170363,168110825,106071488,62039337,6730277,55309060,11986610,43322450,377338540
1/1/25,Software Licensing,North America,464645702,278946203,185699499,99131148,86568351,8925136,77643215,18242612,59400603,750823622
2/1/25,Cloud Services,APAC,522835620,306929192,215906428,112483921,103422507,6851039,96571468,22576386,73995082,594920459
2/1/25,Cloud Services,EMEA,654109259,373453825,280655434,134365685,146289749,11758000,134531749,30355237,104176512,951131555
2/1/25,Cloud Services,LATAM,545422625,326409423,219013202,127069389,91943813,7937099,84006714,19310679,64696035,766001054
2/1/25,Cloud Services,North America,520601907,295937248,224664659,92357653,132307006,6606403,125700603,27563362,98137241,1260082174
2/1/25,Hardware Solutions,APAC,527450407,295750515,231699892,101205629,130494263,7808939,122685324,29318547,93366777,1172686719
2/1/25,Hardware Solutions,EMEA,425309392,256551451,168757941,102687207,66070734,4421596,61649138,13203049,48446089,463629072
2/1/25,Hardware Solutions,LATAM,435491365,259004672,176486693,82009056,94477637,4811875,89665762,20904270,68761492,893211781
2/1/25,Hardware Solutions,North America,592586342,356243794,236342548,99280213,137062335,10547153,126515182,27217941,99297241,959211348
2/1/25,Professional Services,APAC,480585458,298604545,181980913,100947785,81033128,8145836,72887292,17325123,55562169,571179097
2/1/25,Professional Services,EMEA,490527255,282172710,208354545,102883829,105470716,6335956,99134760,23663854,75470906,998480086
2/1/25,Professional Services,LATAM,503274965,321854749,181420216,108960875,72459341,9361530,63097811,15752383,47345428,594185121
2/1/25,Professional Services,North America,469086991,259718606,209368385,111356095,98012290,7505488,90506802,20556627,69950175,975105440
2/1/25,Software Licensing,APAC,487389230,290607520,196781710,79780042,117001668,6786863,110214805,26209717,84005088,1058464109
2/1/25,Software Licensing,EMEA,526055650,308737517,217318133,79486789,137831344,5641667,132189677,28481269,103708408,1242426728
2/1/25,Software Licensing,LATAM,530358768,331340098,199018670,127287093,71731577,7848985,63882592,14448501,49434091,428099228
2/1/25,Software Licensing,North America,538160070,329260041,208900029,91832779,117067250,5444137,111623113,27851241,83771872,885468687
3/1/25,Cloud Services,APAC,502571200,289945549,212625651,83742603,128883048,5741853,123141195,26281573,96859622,955035873
3/1/25,Cloud Services,EMEA,543558023,312136591,231421432,84086576,147334856,10798663,136536193,29106345,107429848,1043143824
3/1/25,Cloud Services,LATAM,456890208,268527358,188362850,102253564,86109286,6848273,79261013,19479791,59781222,885359898
3/1/25,Cloud Services,North America,481122725,290242925,190879800,97134718,93745082,5975760,87769322,19394073,68375249,735033927
3/1/25,Hardware Solutions,APAC,473528541,264556621,208971920,102456005,106515915,6614830,99901085,24496062,75405023,1073767528
3/1/25,Hardware Solutions,EMEA,507458172,304395851,203062321,100276292,102786029,5473334,97312695,22537666,74775029,928705860
3/1/25,Hardware Solutions,LATAM,534097333,322440250,211657083,130150426,81506657,6049804,75456853,17810465,57646388,781685021
3/1/25,Hardware Solutions,North America,418994296,263512687,155481609,86581175,68900434,4329062,64571372,14163632,50407740,580697165
3/1/25,Professional Services,APAC,585757763,356936908,228820855,129982336,98838519,6372262,92466257,19667989,72798268,876491147
3/1/25,Professional Services,EMEA,473935986,302870084,171065902,87947007,83118895,7192981,75925914,17520845,58405069,668738040
3/1/25,Professional Services,LATAM,525356760,324623317,200733443,94413004,106320439,7095609,99224830,24013823,75211007,704727136
3/1/25,Professional Services,North America,501822873,282012517,219810356,89760742,130049614,6656486,123393128,26255213,97137915,1268621170
3/1/25,Software Licensing,APAC,470785334,268886595,201898739,82168476,119730263,7342597,112387666,24620345,87767321,875040190
3/1/25,Software Licensing,EMEA,527183909,306930645,220253264,110874795,109378469,8975121,100403348,22383406,78019942,637422926
3/1/25,Software Licensing,LATAM,508658343,296420514,212237829,96100597,116137232,5136283,111000949,24886396,86114553,1078154204
3/1/25,Software Licensing,North America,471387851,260209449,211178402,74611206,136567196,7627789,128939407,28066845,100872562,932062473
4/1/25,Cloud Services,APAC,520199491,308564627,211634864,79652068,131982796,9366642,122616154,27382648,95233506,1388504517
4/1/25,Cloud Services,EMEA,495410542,309405655,186004887,84959954,101044933,8369787,92675146,20664087,72011059,1057122346
4/1/25,Cloud Services,LATAM,534630207,300867442,233762765,94215959,139546806,6416365,133130441,31522556,101607885,1463153544
4/1/25,Cloud Services,North America,468299170,285046264,183252906,104551166,78701740,7340780,71360960,16507096,54853864,580902420
4/1/25,Hardware Solutions,APAC,439225201,252376943,186848258,96120148,90728110,7528701,83199409,18140578,65058831,527627119
4/1/25,Hardware Solutions,EMEA,541298610,305988479,235310131,108015667,127294464,10127529,117166935,27838886,89328049,1295256711
4/1/25,Hardware Solutions,LATAM,480630637,272069689,208560948,92993729,115567219,8659657,106907562,24741949,82165613,903821743
4/1/25,Hardware Solutions,North America,584886247,327640552,257245695,130323695,126922000,9996059,116925941,25374346,91551595,1352217058
4/1/25,Professional Services,APAC,449564641,274494046,175070595,72226976,102843619,4729290,98114329,22810784,75303545,1110727289
4/1/25,Professional Services,EMEA,516199268,334833442,181365826,117224321,64141505,9994713,54146792,11501086,42645706,595760513
4/1/25,Professional Services,LATAM,536714477,307925267,228789210,84539925,144249285,8272360,135976925,33763751,102213174,1028264530
4/1/25,Professional Services,North America,570618169,334159519,236458650,104665289,131793361,5886417,125906944,28783362,97123582,1039222327
4/1/25,Software Licensing,APAC,481002187,295619963,185382224,96025653,89356571,7871265,81485306,18929960,62555346,873272630
4/1/25,Software Licensing,EMEA,486619950,285309281,201310669,75495475,125815194,5375047,120440147,28480911,91959236,939823392
4/1/25,Software Licensing,LATAM,473866830,287674047,186192783,99362427,86830356,8086422,78743934,18837597,59906337,550539237
4/1/25,Software Licensing,North America,451988143,261419813,190568330,94695038,95873292,5276882,90596410,22627864,67968546,808825697
5/1/25,Cloud Services,APAC,517752777,293740493,224012284,119052895,104959389,5592324,99367065,23872592,75494473,1098444582
5/1/25,Cloud Services,EMEA,471693221,272879017,198814204,109390484,89423720,8560407,80863313,18438035,62425278,803413328
5/1/25,Cloud Services,LATAM,530985362,339658880,191326482,116535170,74791312,10061199,64730113,14493257,50236856,602339903
5/1/25,Cloud Services,North America,550676445,313145851,237530594,96170246,141360348,7376036,133984312,28654830,105329482,914259904
5/1/25,Hardware Solutions,APAC,557650931,316237574,241413357,132327545,109085812,10438018,98647794,22771690,75876104,934034840
5/1/25,Hardware Solutions,EMEA,505229623,290906307,214323316,103162884,111160432,5858363,105302069,25660148,79641921,1189053881
5/1/25,Hardware Solutions,LATAM,442565513,273002875,169562638,98790575,70772063,5395820,65376243,15359718,50016525,449148395
5/1/25,Hardware Solutions,North America,482398220,304734432,177663788,81290512,96373276,6016003,90357273,20926589,69430684,807478855
5/1/25,Professional Services,APAC,565296452,365716868,199579584,138511048,61068536,6114415,54954121,13722007,41232114,583022092
5/1/25,Professional Services,EMEA,450088672,265455799,184632873,73671352,110961521,7793688,103167833,22294222,80873611,1066722929
5/1/25,Professional Services,LATAM,442794344,281861055,160933289,86168034,74765255,4695179,70070076,17312917,52757159,679512208
5/1/25,Professional Services,North America,489897273,274932255,214965018,118423532,96541486,7477805,89063681,20125954,68937727,890675433
5/1/25,Software Licensing,APAC,370349306,218891136,151458170,68921039,82537131,5378650,77158481,19064866,58093615,611144830
5/1/25,Software Licensing,EMEA,497618985,299791124,197827861,104013846,93814015,9043218,84770797,20499104,64271693,646573232
5/1/25,Software Licensing,LATAM,459024494,297557056,161467438,73057515,88409923,7544424,80865499,17740732,63124767,862915565
5/1/25,Software Licensing,North America,462922781,258321732,204601049,82036635,122564414,7164157,115400257,27303293,88096964,1204285498
6/1/25,Cloud Services,APAC,460739653,279743272,180996381,101006874,79989507,5446485,74543022,16034840,58508182,823210121
6/1/25,Cloud Services,EMEA,500409322,303086061,197323261,108027532,89295729,6689951,82605778,19842801,62762977,903159239
6/1/25,Cloud Services,LATAM,518484138,299682747,218801391,121802068,96999323,9279302,87720021,21319711,66400310,768915590
6/1/25,Cloud Services,North America,546526550,351382467,195144083,126059690,69084393,10798628,58285765,12447798,45837967,527595000
6/1/25,Hardware Solutions,APAC,493928596,279285143,214643453,119307874,95335579,5295894,90039685,20338097,69701588,947244581
6/1/25,Hardware Solutions,EMEA,421916488,256577467,165339021,87250018,78089003,7089159,70999844,15777654,55222190,693038485
6/1/25,Hardware Solutions,LATAM,523532688,313132235,210400453,80307086,130093367,5395802,124697565,28417091,96280474,1242980919
6/1/25,Hardware Solutions,North America,585321334,338820895,246500439,98367660,148132779,7021177,141111602,32759353,108352249,1470340019
6/1/25,Professional Services,APAC,563440672,316362743,247077929,124271075,122806854,11126787,111680067,23844331,87835736,1249902523
6/1/25,Professional Services,EMEA,526485226,302329388,224155838,81048547,143107291,10510403,132596888,29755465,102841423,1066465557
6/1/25,Professional Services,LATAM,450487380,275275721,175211659,109254376,65957283,7434508,58522775,14483117,44039658,468141565
6/1/25,Professional Services,North America,504540693,303108390,201432303,123312739,78119564,6198054,71921510,15860455,56061055,485488736
6/1/25,Software Licensing,APAC,502792083,292809981,209982102,86541048,123441054,7820244,115620810,24447605,91173205,1098637120
6/1/25,Software Licensing,EMEA,475991324,270698348,205292976,94694902,110598074,7131281,103466793,24661288,78805505,650145416
6/1/25,Software Licensing,LATAM,484587456,287139216,197448240,120549271,76898969,8331036,68567933,15230661,53337272,600577683
6/1/25,Software Licensing,North America,507962387,318466659,189495728,88876553,100619175,8425611,92193564,22244566,69948998,825398176
7/1/25,Cloud Services,APAC,491675109,286971304,204703805,119201526,85502279,9185830,76316449,18833043,57483406,575408894
7/1/25,Cloud Services,EMEA,475092019,263762705,211329314,85390616,125938698,6948804,118989894,27442303,91547591,1111387755
7/1/25,Cloud Services,LATAM,480279962,270609646,209670316,118679976,90990340,8295246,82695094,19009827,63685267,522856042
7/1/25,Cloud Services,North America,511239674,308409905,202829769,112340842,90488927,6429773,84059154,19671840,64387314,531839214
7/1/25,Hardware Solutions,APAC,529891744,309926700,219965044,83561448,136403596,7877735,128525861,31052004,97473857,1341240272
7/1/25,Hardware Solutions,EMEA,477592758,282345240,195247518,77397100,117850418,8239705,109610713,26551772,83058941,873780059
7/1/25,Hardware Solutions,LATAM,524414810,337174030,187240780,115176636,72064144,9824508,62239636,13828848,48410788,430371905
7/1/25,Hardware Solutions,North America,466840199,278777181,188063018,80763766,107299252,6716035,100583217,24614952,75968265,885789970
7/1/25,Professional Services,APAC,532514484,333366200,199148284,81847882,117300402,9942213,107358189,24179740,83178449,1113759432
7/1/25,Professional Services,EMEA,512291980,316673426,195618554,119308471,76310083,5328395,70981688,17227112,53754576,511206018
7/1/25,Professional Services,LATAM,525185153,320133896,205051257,110092981,94958276,8290968,86667308,21243801,65423507,808634547
7/1/25,Professional Services,North America,535983995,308439528,227544467,97500873,130043594,10653483,119390111,25627643,93762468,806357225
7/1/25,Software Licensing,APAC,514280619,299432373,214848246,121475275,93372971,6921882,86451089,18875767,67575322,564929692
7/1/25,Software Licensing,EMEA,533984083,346553546,187430537,105419896,82010641,7611907,74398734,18157531,56241203,659146899
7/1/25,Software Licensing,LATAM,472283616,298005031,174278585,110729226,63549359,6475191,57074168,14110093,42964075,506116804
7/1/25,Software Licensing,North America,476425409,265053319,211372090,116451066,94921024,8302696,86618328,21627411,64990917,809786826
8/1/25,Cloud Services,APAC,551106595,309958729,241147866,86267820,154880046,7036682,147843364,32073284,115770080,1514272646
8/1/25,Cloud Services,EMEA,504693095,326285444,178407651,112282442,66125209,7175327,58949882,13329700,45620182,676547299
8/1/25,Cloud Services,LATAM,476337144,296799361,179537783,86469021,93068762,7584956,85483806,20327881,65155925,756460289
8/1/25,Cloud Services,North America,499163936,316001690,183162246,91839922,91322324,9487618,81834706,17450168,64384538,660585360
8/1/25,Hardware Solutions,APAC,512966654,290557947,222408707,121814277,100594430,10112599,90481831,19633973,70847858,961405433
8/1/25,Hardware Solutions,EMEA,487589329,276153820,211435509,74175473,137260036,6034129,131225907,31571954,99653953,986574135
8/1/25,Hardware Solutions,LATAM,494794277,312441543,182352734,100390648,81962086,5843406,76118680,17515109,58603571,648741531
8/1/25,Hardware Solutions,North America,527278118,300634332,226643786,124970127,101673659,6220210,95453449,22359981,73093468,624949151
8/1/25,Professional Services,APAC,552219152,311439031,240780121,95697341,145082780,9475114,135607666,33482927,102124739,835380365
8/1/25,Professional Services,EMEA,532540385,337727993,194812392,112678259,82134133,6026054,76108079,18606947,57501132,847566686
8/1/25,Professional Services,LATAM,500840153,315292264,185547889,76348112,109199777,9561201,99638576,22865307,76773269,1063309776
8/1/25,Professional Services,North America,533016653,323779532,209237121,127176587,82060534,9237781,72822753,15678810,57143943,735442546
8/1/25,Software Licensing,APAC,491292751,273477926,217814825,89353992,128460833,7973517,120487316,28391496,92095820,1000160605
8/1/25,Software Licensing,EMEA,491912293,279466838,212445455,112683488,99761967,5955396,93806571,23360125,70446446,648811768
8/1/25,Software Licensing,LATAM,543951074,339486428,204464646,115638089,88826557,8874889,79951668,19420197,60531471,550836386
8/1/25,Software Licensing,North America,521883895,336006619,185877276,106437765,79439511,9980316,69459195,15548023,53911172,525633927